{
  "GEOLOCATION": {
    "SHOULD_ACCEPT": "vous devez autoriser l'accès à votre localisation pour continuer"
  },
  "CAPTCHA": {
    "ROBOT_DETECTION_MSG": "Nous avons constaté que vous êtes un robot, de ce fait vous ne pouvez pas soumettre votre demande. Merci de nous contacter via email si vous n'êtes pas un robot pour vérification."
  },
  "FORM_ERROR_MESSAGES": {
    "SPECIAL_CARACTERES_NOT_ALLOWED":"Les caractères spéciaux ne sont pas autorisés.",
    "PATTERN_INVALID": "Le format n'est pas valide",
    "REQUIRED": "Ce champ est obligatoire",
    "INVALID_EMAIL_ADDRESS": "Adresse email n'est pas valide",
    "INVALID_ALPHABITIC": "Le format n'est pas valide",
    "EMAIL_NOT_MATCH": "Les emails doivent être identiques",
    "INVALID_PASSWORD": "Le mot de passe doit contenir au moins 8 caractères, une lettre, un chiffre, un caractère majuscule et un caractère spécial",
    "NOT_MATCH": "Les mots de passe doivent être identiques",
    "PASSWORD_NOT_MATCH": "Les mots de passe doivent être identiques",
    "PIN_NOT_MATCH": "Les codes PIN doivent être identiques",
    "MIN_LENGTH": "La longueur minimale",
    "MAX_LENGTH": "La longueur maximale",
    "MIN_VALUE": "Minimum",
    "MAX_VALUE": "Maximum",
    "INVALID_PIN_NUMBER": "Le code OTP ne doit pas dépasser 6 chiffres",
    "INVALID_NUMBER": "Numéro n'est pas valide",
    "INVALID_ADDRESS": "Adresse n'est pas valide",
    "DESCRIPTION_MAX_LENGTH": "La longueur maximale est 32 caractères",
    "INVALID_PHONE_NUMBER": "Numéro de téléphone n'est pas valide",
    "MAX_TRANSFER_AMOUNT": "Le montant ne doit pas dépasser 100.000 ",
    "POSITIVE_NUMBER": "Le nombre doit être strictement positif",
    "INVALID_AMOUNT": "Merci de vérifier votre montant de virement",
    "INVALID_ACCOUNT_NUMBER": "Numéro de compte n'est pas valide",
    "ELIBLE_ACCOUNTS_NOT_FOUND": "Aucun compte éligible trouvé",
    "ELIBLE_BENEF_NOT_FOUND": "Aucun bénéficiaire trouvé",
    "MAX_TRANSFER_BALANCE": "Le montant du transfert est supérieur à votre solde",
    "MIN_MAX_NUMBER": "Le montant max ne doit pas être inférieur au montant min",
    "SHOULD_NOT_CONTAIN_SPACE": "Le champ nom unique ne doit pas contenir des espaces",
    "NON_ALPHANUMERIC_USERNAME": "Nom d'utilisateur, ne peut pas commencer par (,) se terminer par ou avoir plus de 2 successifs (. , _ , -).",
    "CHECK_FIELDS": "Veuillez vérifier les champs suivants :",
    "WITHIN_RIB": "Veuillez vérifier le RIB",
    "MAX_SIX": "La longueur maximum pour le code client est 6",
    "MAX_Eighth": "La longueur de cin est 8",
    "INVALID_RIB": "Veuillez vérifier le RIB",
    "INSUFFICIENT_BALANCE": "Solde insuffisant",
    "STATEMENT_PERIOD": "La période ne doit pas dépasser 90 jours",
    "MAX_AMOUNT": "Le montant maximum est ",
    "MIN_AMOUNT": "Le montant minimum est "
  },
  "COMMON": {
    "CUSTOMER_CODE": "Code client",
    "SKIP": "Passer",
    "WELCOME": {
      "WELCOME_MSG": "Bienvenue dans votre application 'Banecti'",
      "WELCOME_MSG_DESC": "Une nouvelle expérience plus pratique vous attend...",
      "SECURITY": "Un univers digital sécurisé et simplifié rien que pour vous satisfaire !",
      "FEATURES": "Bénéficiez de plusieurs fonctionnalités exclusives sur <<Banecti>> à tout moment,où que vous soyez !",
      "FEATURES_DESC": "Demandez vos cartes, consultez vos chèques & effets en temps réel et bien plus..."
    },
    "DEFAULT_ERROR_MSG": "Nous nous excusons pour la gêne occasionnée et nous vous remercions de votre compréhension.",
    "FILE_EXTENTION_ERROR": "Impossible d'ouvrir le fichier, merci de vérifier que votre fichier est de type : Images / PDF / Excel",
    "FILE_SIZE_ERROR": "Fichier est trop volumineux , taille maximale est 2Mo",
    "MAXIMALE_SIZE_MSG": "Taille maximale de fichier est : 2MO",
    "NO_DATA_FOUND": "Aucune donnée disponible.",
    "BACK": "Retour",
    "MONTH": "Mois",
    "EVERY": "Chaque",
    "RETURN": "Retour",
    "BUY": "Achat",
    "SELL": "Vente",
    "HELLO": "Bonjour",
    "BECOME_CLIENT": "Devenir client",
    "YES": "Oui",
    "NO": "Non",
    "CONFIRMED": "Confirmé",
    "COMPLETED": "Complété",
    "REJECTED": "Refusé",
    "IN_PROGRESS": "En cours",
    "CANCELED": "Annulé",
    "SUBMIT": "Valider",
    "SEND": "Envoyer",
    "CLEAR": "Effacer",
    "VALIDATE": "Valider",
    "AMOUNT": "Montant",
    "DATE": "Date",
    "STATUS": "Statut",
    "REASON": "Raison",
    "MOTIF": "Motif",
    "FILTER": "Filtre",
    "OK_BUTTON": "OK",
    "SAVE": "Sauvegarder",
    "SEARCH": "Chercher",
    "EDIT": "Editer",
    "CANCEL": "Annuler",
    "ACCEPT": "Accepter",
    "SHOW_DETAILS": "Afficher détails",
    "CONTINUE": "Continuer",
    "TOTAL": "Total",
    "DISPLAYED": "Affiché",
    "PREVIOUS": "Précédent",
    "NEXT": "Suivant",
    "ALL": "Tous",
    "OR": "ou",
    "SUBSCRIBE": "Souscrire maintenant",
    "UPLOAD": "Veuillez télécharger et remplir ce formulaire ",
    "SELECT_ALL": "Sélectionner tout ",
    "DELETE": "Supprimer",
    "CONFIRM": "Confirmer",
    "CONFIRM_CANCEL_PROCESS": "Êtes-vous sûr de vouloir annuler cette demande ?",
    "START_DATE": "Date de début",
    "END_DATE": "Date de fin",
    "CONFIRM_DELETE_QUESTION": "Etes vous sûre de vouloir supprimer ?",
    "CONFIRM_LEAVE_QUESTION": "Etes vous sûre de vouloir quitter ?",
    "CONFIRM_LEAVE_PAGE": "Voulez-vous vraiment quitter cette page ?",
    "EXPORT_AS_PDF": "Exporter en pdf",
    "EXPORT_AS_XLS": "Exporter en xsl",
    "EXPORT_AS_CSV": "Exporter en csv",
    "EXPORT": "Exporter",
    "CREDIT": "Crédit",
    "DEBIT": "Débit",
    "BOTH": "Toutes",
    "MORE_DETAILS": "Plus de détails",
    "RECENT10": "(10 Récent)",
    "YEARS": "Années",
    "CATEGORY": "Catégorie",
    "SUB_CATEGORY": "Sous-catégorie",
    "BENEFICIARIES_NUMBERS": "Numéros de bénéficiaires",
    "SERVICE_UNAVAILABLE": "Service indisponible",
    "DATA_NOT_FOUND": "Aucun résultat trouvé",
    "CONTACT_AGENCY_MODAL_MSG": "Merci de contacter votre agence",
    "VIEW": "vue",
    "AND": " et ",
    "UNIT": {
      "PERCENT": "%",
      "YEARS": "Années",
      "YEAR": "Année",
      "MONTH": "Mois",
      "DAYS": "jours",
      "DAY": "jour",
      "MIN": "Min",
      "SEC": "Sec",
      "METER": "Mètre"
    },
    "CARD": "Carte",
    "NUMBER": "Numéro",
    "HISTORY": "Historique",
    "PRAYER_WIDGET_TITLE": "Heures de prières",
    "AL": "Al",
    "FILE_UPLOAD": {
      "DROP": "Insérer le fichier  à joindre",
      "CAMERA": "Utiliser votre appareil photo",
      "TAKE_PICTURE": "Prendre une photo",
      "UPLOAD": "Télécharger photo depuis mon appareil",
      "OR": "ou",
      "BROWSE": "Parcourir"
    },
    "REFERENCE": "Référence",
    "DEMO_MODE": "Vous êtes en mode démo",
    "NO_INTERNET_CONNECTION": "Vous n'êtes pas connecté à Internet actuellement !",
    "MONTHLY": "Mensuel",
    "DEMO": {
      "DEMO_MODE": "Vous êtes en mode démo.",
      "FAKE_DATA": "Toutes les données affichées sont fictives",
      "EXIT": "Sortir"
    },
    "BALANCE": "Solde"
  },
  "APPOINTMENT": {
    "TITLE": "Prendre un rendez-vous",
    "FIL_FORM": "Veuillez remplir précisément le formulaire ci-dessous",
    "SUCCESS_MSG": "Votre demande de rendez-vous a été envoyée avec succès sous le numéro: ",
    "CONTACT_YOU": "Nous vous contacterons dès que possible",
    "QUESTION": "Voulez vous un rendez-vous?",
    "REQUEST_BTN": "Demander un rendez-vous",
    "REQUEST": "Avoir un rendez-vous",
    "DESIRED_DATE": "Date souhaitée",
    "SEARCH_COUNTRY_REGION": "Rechercher un pays/une région"
  },
  "BENEFICIARY": {
    "CHOOSE_TYPE_LABEL": {
      "INTERNATIONAL": "INTERNATIONAL",
      "WITHIN_BANK": "AU SEIN DE LA BANQUE",
      "NATIONAL": "LOCAL"
    },
    "ID_BENEF": "Identifiant",
    "LIST_TITLE": "Liste des bénéficiaires",
    "NOTIF_TITLE": "Les bénéficiaires",
    "DESCRIPTION": "C'est la description du service bénéficiaire",
    "DELETE_BENEF": "Supprimer le bénéficiaire",
    "NO_BENEFICIARY_FOUND": "Aucun bénéficiaire trouvé",
    "FORM": {
      "ADD_INTERNATIONAL_BENEF": "Ajouter un bénéficiaire international",
      "ADD_LOCAL_BENEF": "Ajouter un bénéficiaire local",
      "ADD_WITHIN_BANK_BENEF": "Ajouter un bénéficiaire au sein de la banque",
      "EDIT_INTERNATIONAL_BENEF": "Modifier le bénéficiaire international",
      "EDIT_LOCAL_BENEF": "Modifier le bénéficiaire local",
      "EDIT_WITHIN_BANK_BENEF": "Modifier le bénéficiaire au sein de la banque",
      "BENEFICIARY_INFORMATION": "Informations du bénéficiaire",
      "BANK_INFORMATION": "Informations de la banque",
      "FIRST_NAME": "Prénom",
      "LAST_NAME": "Nom",
      "CHOOSE_TYPE": "Veuillez choisir un type de paiement",
      "FEES_PAYMENT": "Paiement des frais",
      "JUSTIFIED": "Justifiée",
      "OTHER_TX": "Autre taux de changement",
      "UNIQUE_NAME": "Nom unique",
      "PHONE": "Numéro de téléphone",
      "ADDRESS": "Adresse",
      "EMAIL": "Email",
      "IBAN": "Iban ",
      "RIB": "Rib ",
      "BANK_NAME": "Nom de la banque",
      "ACCOUNT": "Numéro du compte",
      "NAME": "Nom",
      "BIC": "BIC/Code swift",
      "BANK_BRANCH": "Agence de la banque",
      "BANK_CITY": "Ville de la banque",
      "BANK_ADDRESS": "Adresse de la banque"
    },
    "ERROR_MSG": {
      "EXISTANT_RIB": "Le RIB introduit existe déjà",
      "INVALID_RIB": "Le RIB introduit est invalid"
    },
    "LIST_BENEFICIARIES": {
      "NO_BENEF": "Aucun bénéficiaire dans votre compte",
      "ALL_BENEFICIARIES": "Tous les bénéficiaires",
      "ADD_BENEFICIARY": "Ajouter un bénéficiaire",
      "WITHIN_BANK": "Au sein de la banque",
      "WITHINBANK": "Au sein de la banque",
      "WITHIN_NATIONAL": "Local",
      "INTERNATIONAL": "International",
      "CARDLESS_WITHRAWAL": "Retrait sans carte",
      "UTILITY": "Utilitaire",
      "ALL": "Tous",
      "LOCAL": "Local",
      "TRANSFER": "Transfert",
      "EDIT": "Éditer",
      "DELETE": "Supprimer",
      "BENEFICIARY": "Bénéficiaire",
      "CHOOSE_BENEF_TYPE": "Choisissez votre type de bénéficiaire"
    },
    "ADD_BENEFICIARY_SUCCESS": "Votre bénéficiaire a été ajouté avec succès.",
    "UPDATE_BENEFICIARY_SUCCESS": "Votre bénéficiaire a été mis à jour avec succès.",
    "DELETE_BENEFICIARY_SUCCESS": "Votre bénéficiaire a été supprimé avec succès.",
    "CHANGED_BENEFICIARY_TYPE": "Il a été déplacé automatiquement aux bénéficiaires "
  },
  "DEVICE_SUCESS_MSG": {
    "DELETE_DEVICE_SUCCESS": "Appareil supprimé avec succès",
    "INACTIVE_DEVICE_SUCCESS": "Cet appareil est désormais inactif.",
    "ACTIVE_DEVICE_SUCCESS": "Cet appareil est désormais actif"
  },
  "CHALLENGES": {
    "OTP": {
      "TITLE_EMAIL": "Merci de saisir le code à usage unique reçu dans votre email.",
      "TITLE_PHONE": "Merci de saisir le code à usage unique reçu dans votre téléphone.",
      "OTP_CODE": "Code OTP",
      "RESEND_OTP": "Renvoyer OTP"
    },
    "AUTH_PWD": {
      "TITLE": "Changer votre nom d'utilisateur et votre mot de passe",
      "LOGIN": "Nom d'utilisateur",
      "PASSWORD": "Mot de passe",
      "CONFIRM_PASSWORD": "Confirmer mot de passe"
    },
    "SEQ": {
      "TITLE": "Question secrète",
      "ENROLL_TITLE": "Inscription aux questions secrètes",
      "DESCRIPTION": "Vous devez fournir ces informations avant de continuer. Cela nous aidera à vérifier votre identité.",
      "QUESTION": "Question",
      "ANSWER": "Votre réponse",
      "SELECT_QUESTION": "Veuillez sélectionner une question",
      "SEQ_CHALLANGE": {
        "DESCRIPTION": "Veuillez répondre à cette question pour continuer"
      },
      "ENROLL_DESCRIPTION_RULE": {
        "YOU_HAVE_TO_ANSWER": "Vous devez répondre",
        "QUESTION_OUT_OF": "Question hors de"
      }
    },
    "FIP": {
      "ALERT_CHANNEL_FIP": "Empreinte digitale ou FaceID n'est pas disponible veuillez essayer avec votre code client et votre mot de passe.",
      "FIP_CANCELED": "Empreinte digitale ou FaceID  active est annulée",
      "DELETE_CANCELED": "Supprimer votre Empreinte digitale ou FaceID configuré",
      "TITLE": "Validation biométrique",
      "FIP_CODE": "Code Pin",
      "ALERT_ACTIVE_FIP": "L'empreinte digitale ou FaceID n'est pas active. Veuillez accéder aux paramètres de l'application et l'activer",
      "ALERT_ACTIVE_FIP-2": "L'empreinte digitale ou FaceID n'est pas active. Veuillez accéder aux paramètres de l'application et l'activer",
      "ALERT_ACTIVE_FIP2": "L'empreinte digitale ou FaceID n'est pas active. Veuillez accéder aux paramètres de l'application et l'activer",
      "ALERT_ACTIVE_FIPCancelled": "L'empreinte digitale ou FaceID est annulée",
      "ALERT_DEVICE_FIP": "Empreinte digitale ou FaceID non prise en charge pour cet appareil.",
      "ALERT_ENTER_USERNAME": "Veuillez entrer votre nom d'utilisateur.",
      "FIP_ENROLL": {
        "TITLE": "Inscription d'empreinte digitale ou FaceID ",
        "ALERT": "L'empreinte digitale ou FaceID n'est pas active. Veuillez accéder aux paramètres de l'application et l'activer."
      },
      "FIP_CHALLENGE": {
        "ALERT": "Empreinte digitale ou FaceID non activée, veuillez l'activer. "
      }
    },
    "BIO_PIN": {
      "TITLE": "Code OTP"
    }
  },
  "AUTH": {
    "LOGIN": {
      "TITLE": "S'identifier",
      "DEMO": "Démo",
      "USERNAME": "Nom d'utilisateur",
      "PASSWORD": "Mot de passe",
      "CUSTOMER_CODE": "Code client",
      "REMEMBER_USERNAME": "Se souvenir de moi",
      "FORGET_PWD": "Mot de passe oublié ?",
      "CONFIRM_PWD": "Confirmer le nouveau mot de passe",
      "FORGOT_PASSWORD": "Mot de passe oublié",
      "NEW_CLIENT": "Nouveau chez alBaraka bank ?",
      "SIGN_IN": "Se connecter",
      "LOGIN_TOUCH_ID": "Connectez-vous à l'aide de Touch ID",
      "REGISTER_P1": "Avez vous un compte digital ?",
      "JOIN_US": "Rejoignez-nous sur",
      "REGISTER_P2": "créer un compte",
      "REGISTRATION": "Inscription",
      "IDENTIFY_YOURSELF": "Veuillez vous identifier",
      "REMEMBER_USER_NAME": "Se souvenir du nom de l'utilisateur",
      "EXPIRED_SESSION": "Votre session a expiré, merci de vous identifier de nouveau.",
      "COMPTE_DIGITALE": "Avez vous un compte digital ?",
      "ALREADY_HAVE_ACCOUNT":"Avez-vous un compte digital ? Créer un compte"
    },
    "REGISTER": {
      "TITLE": "Inscription",
      "TITLE_BTN": "S'inscrire",
      "BECOME_CUSTOMER": "Devenir client",
      "DESCRIPTION": "La meilleure façon pour gérer votre compte courant, épargne et carte.",
      "CUSTOMER_CODE_LABEL": "Prière de saisir votre code :",
      "PIN_NUMBER": "PIN",
      "PHONE_NUMBER": "Numéro tél.",
      "CUSTOMER_CODE": "Code client",
      "PIN_NUMBER_LABEL": "Prière de saisir votre code OTP :",
      "PHONE_NUMBER_LABEL": "Veuillez entrer votre numéro de téléphone :",
      "TERMS_AND_CONDITIONS": "J'accepte les termes et conditions",
      "CONFIRM_PASSWORD": "Confirmer le mot de passe",
      "PASSWORD": "Mot de passe",
      "USERNAME": "Utilisateur",
      "ENTER_PASSWORD": "Veuillez saisir le nouveau mot de passe",
      "CANCEL": "Annuler",
      "SUBMIT": "Valider",
      "SIGN_UP": "S'INSCRIRE",
      "CUSTOMER_NUMBER_INFO": "Code utilisateur obligatoire. Les chiffres seulement sont permis",
      "CUSTOMER_PIN_INFO": "Code OTP obligatoire. Les alphanumériques seulement sont permis",
      "CUSTOMER_PHONE_INFO": "Numéro de téléphone obligatoire. Seulement les alphanumériques sont permis",
      "PASSWORD_VALIDATOR": "Longueur minimale 8.",
      "USERNAME_VALIDATOR": "Longueur minimale 5 et maximale 15.",
      "TERMS_CONDITIONS": "Termes et conditions"
    },
    "CHANGE_LOGIN_PASSWORD": {
      "PASSWORD_SHOULD_RESPECT": "Votre nouveau mot de passe doit respecter les règles suivantes:",
      "PASSWORD_SHOULD_CONTAIN": "Comporter au moins 8 caractères",
      "PASSWORD_NUMERIC_LETTER": "Contenir au moins un caractère numérique",
      "PASSWORD_ALPHABETIC_LETTER_MAJUS": "Contenir au moins un caractère alphabétique Majuscule",
      "PASSWORD_ALPHABETIC_LETTER_MINUS": "Contenir au moins un caractère alphabétique Minuscule",
      "PASSWORD_SHOULD_HAVE_SPECIAL_LETTER": "Doit contenir au moins un caractère spécial: #?!@$%^&*+-"
    },
    "FORGOT_PASSWORD": {
      "OTP_CHALLENGE": {
        "TITLE": "Prière de saisir votre code client et votre CIN",
        "DESCRIPTION": "Si vous n'êtes pas une personne physique, prière de prendre contact avec votre agence pour avoir votre mot de passe",
        "USERNAME": "Code client",
        "CODE": "CIN",
        "EDIT_PASSWORD": "Editer mot de passe"
      },
      "TITLE": "Forgot Password",
      "UPDATE_PASSWORD": {
        "RECEIVED_OTP": "Code OTP reçu",
        "NEW_PASSWORD": "Nouveau mot de passe",
        "CONFIRM_PASSWORD": "Confirmer mot de passe",
        "SUCCESS_MSG": "Votre mot de passe a été modifié avec succès"
      }
    }
  },
  "SIDE_NAV": {
    "LOGIN": "Login",
    "COURS_DEVICE": "Cours de devises",
    "ACCOUNT_PROCESS": "Intégration rapide",
    "DASHBOARD": "Tableau de bord",
    "PRIVATE": "Privé",
    "PUBLIC": "Publique",
    "ACCOUNTS": "Comptes",
    "EMAIL": "E-mail",
    "MEETING": "Demande de rendez-vous",
    "ACCOUNTS_DESCRIPTION": "Recevoir une notification sur le compte",
    "TRANSFER_DESCRIPTION": "Recevoir une notification sur les transferts",
    "CARDS_DESCRIPTION": "Recevoir une notification sur les cartes",
    "CREDITS_DESCRIPTION": "Recevoir une notification sur les Financements",
    "E_REQUESTS_DESCRIPTION": "Recevoir une notification sur le E-request",
    "BENEFICIARIES_DESCRIPTION": "Recevoir une notification sur les bénéficiaires",
    "TRANSFER": "Virements",
    "SIMPLE_TRANSFER": "Virements simples",
    "PERMANENT_TRANSFER": "Virements permanents",
    "MULTIPLE_TRANSFER": "Virements multiples",
    "TRANSACTION_HISTORY": "Historique des transactions",
    "CARDS": "Cartes",
    "BENEFICIARIES": "Bénéficiaires",
    "LOAN": "Financements",
    "PROCESS_CREDITS": "Demande de financement",
    "PROCESS_LOAN": "Demande de financement",
    "MY_CREDIT_DETAILS": "Détails de financement",
    "PROFILE": "Profil",
    "SETTINGS": "Paramètres",
    "OFFERS": "Offres",
    "NEWS": "Actualités",
    "E_REQUESTS": "Demande de service",
    "LIST_REQUEST": "Historique des demandes de service",
    "NEW_REQUEST": "Nouvelle demande de service",
    "REQUEST_APPOINTMENT": "Prendre un rendez-vous",
    "UTILITIES": "Utilitaires",
    "ATM_BRANCH_LOCATOR": "Agences et DAB",
    "EXCHANGE_RATE": "Convertisseur",
    "LOAN_CALCULATOR": "Simulateur de financement",
    "SAVINGS_CALCULATOR": "Simulateur d'épargne",
    "FAQ": "Aide et FAQ",
    "CONTACT-US": "Contactez-nous",
    "DEMO": "Démo",
    "SECURITY_MENTION": "Mention de sécurité",
    "LEGAL_NOTICE": "Mention légale",
    "SUGGESTION": "Suggestion & réclamation",
    "CONTACT": "Contact",
    "PRODUCTS": "Produits",
    "DEVICES": "Appareils",
    "PROCESS": "Demandes en ligne",
    "CHECKS": "Chèques",
    "FINANCEMENT": "Financements",
    "TRADE_EFFECTS": "Effets de commerce",
    "NOTIFICATION": "Notification",
    "SIMULATEUR": "Simulateur",
    "RENDEZVOUS": "Rendez-vous",
    "BENEFICIAIRE": "Bénéficiaire",
    "ONBOARDING": "Devenir client"
  },
  "HEADER": {
    "MOBILE": "Appeler",
    "SEND_MAIL": "Envoyer email",
    "LOGOUT": "Se déconnecter",
    "NOTIFICATIONS": "Notifications",
    "WELCOME": "Bienvenue sur"
  },
  "ACCOUNT": {
    "NOTIF_TITLE": "Compte",
    "DESCRIPTION": "C'est une description du service de compte",
    "NO_ACCOUNT_FOUND": "Aucun compte trouvé.",
    "NO_ACCOUNT_SELECTED": "Aucun compte sélectionné.",
    "NO_TRANSACTION_FOUND": "Aucune transaction pour ce compte.",
    "NO_AMAIN_ACCOUNT_FOUND": "Aucun compte principal est configuré.",
    "TITLE": "Mes comptes",
    "ACCOUT_TYPE": "Type de compte",
    "ACCOUNT_NUMBER": "Numéro de compte",
    "CURRENT_BALANCE": "Solde actuel",
    "AVAILALE_BALANCE": "Solde disponible",
    "ON_HOLD_AMOUNT": "Montant en attente",
    "OPEN_DATE": "Date d'ouverture",
    "IBAN": "IBAN",
    "BRANCH": "Agence",
    "BIC": "Adresse swift(BIC)",
    "STATUS": "Statut",
    "SHOW_TX_HISTORY": "Afficher l'historique des transactions",
    "ACCOUNT_NAME": "Nom du compte",
    "CUSTOMER_NUMBER": "Numéro du client",
    "EXPORT_RIB": "RIB",
    "TRANSACTIONS_SUMMARY": "Relevé",
    "EXTRACT": "Extrait",
    "NO_ELIGIBLE_ACCOUNT_FOR_SERVICE": "Nous ne trouvons pas aucun compte éligible pour cette opération.",
    "DETAILED_EXTRACT": "Extrait détaillé du compte",
    "NO_ACCOUNT_STATEMENT_FOUND": "Aucune transaction trouvée entre le ",
    "BALANCE_START_PERIOD": "Solde début période",
    "BALANCE_END_PERIOD": "Solde fin période",
    "MODAL_DATE_TRANSACTIONS": {
      "ACCOUNT_STATEMENTS": "Relevé",
      "CHOOSE_TANSACTIONS_DATE": "Veuillez choisir la date début et la date fin.",
      "PRINT_TRANSACTION": "Télécharger",
      "CLOSE": "Fermer",
      "FROM": "Du",
      "TO": "Jusqu'à"
    },
    "MODAL_CHOOSE_TYPE": {
      "TITLE": "Veuillez choisir le type de fichier à télécharger:"
    },
    "TABLE_TRANSACTION": {
      "WORDING": "Libellé",
      "REF": "Référence",
      "OPERATION_DATE": "Date opération",
      "AMOUNT": "Montant",
      "OPERATION": "Opération",
      "MOTIF": "Motif",
      "CURRENCY": "Devise"
    },
    "STATEMENT_DETAILED": {
      "DATE": "Date",
      "TRANSACTION_ID": "Référence",
      "DESCRIPTION": "Description",
      "CHECK_NUM": "Numéro chèque",
      "BENEFICIARY": "Bénéficiaire",
      "VALUE_DATE": "Date valeur",
      "AMOUNT": "Montant",
      "CREDIT_AMOUNT": "Montant créditeur",
      "DEBIT_AMOUNT": "Montant débiteur",
      "BALANCE": "Solde",
      "CONVERTED_AMOUNT": "Montant converti"
    }
  },
  "DASHBOARD": {
    "ACCOUNTS_WIDGET": {
      "TITLE": "Mes comptes",
      "ACCOUNT_NUMBER": "Numéro de compte",
      "ACCOUNT_TYPE": "Type de compte",
      "CURRENT_BALANCY": "Solde actuel",
      "MAIN_ACCOUNT": "Compte principal"
    },
    "CREDITS_WIDGET": {
      "CREDIT": "Financements"
    },
    "TX_TRANSACTION": {
      "TITLE": "Historique de transactions",
      "VIEW_MORE": "Voir plus"
    },
    "GAUGE": {
      "TITLE": "Solde actuel",
      "MAX": "Max",
      "MIN": "Min"
    },
    "VIEW_WIDGET": {
      "TITLE": "Vue 360°",
      "ACCOUNTS": "Comptes",
      "CREDIT_CARD": "Cartes",
      "CREDITS": "Financements",
      "DEPOSITS": "Dépôts",
      "STANDING_ORDER": "Ordre permanent",
      "PREPAID_CARDS": "Cartes prépayées",
      "NO_CART": "Vous n'avez pas encore de carte",
      "NO_DEPOSIT": "Vous n'avez pas encore de dépôts",
      "NO_CREDIT_CARD": "Vous n'avez pas encore de financement",
      "NO_STANDING_ORDER": "Vous n'avez pas encore d'ordre permanent",
      "NO_PREPAID_CARD": "Vous n'avez pas encore de cartes prépayées"
    },
    "CONTACT_WIDGET": {
      "SOCIAL_MEDIA": "Réseaux sociaux"
    }
  },
  "PUBLIC_DASHBOARD": {
    "ONBOARDING": {
      "WELCOME_MSG": "Bienvenue",
      "DESCRIPTION": "Profitez de nos services personnalisés pour bien vous assister à gérer votre patrimoine financier",
      "TITLE": "Bienvenue chez alBaraka bank"
    },
    "ATM_BRANCH_LOCATOR": {
      "TITLE": "Agences et DAB",
      "AGENCY_CHIEF": "Chef d'agence",
      "DIRECTOR_CHIEF": "Directeur régional",
      "EMAIL_DIRECTOR_CHIEF": "Email directeur régional",
      "EMAIL_AGENCY_CHIEF": "Email Chef d'agencel",
      "PHONE_DIRECTOR_CHIEF": "Téléphone directeur régional",
      "PHONE_AGENCY_CHIEF": "Téléphone Chef d'agence",
      "ATM": "DAB",
      "BRANCHE": "Agence",
      "OPTIONS": {
        "ALL": "Tous",
        "ATM": "DAB",
        "BRANCH": "Agences"
      },
      "ATM_BRANCHE_LIST": "Liste des agences et DAB",
      "UNIT": "Km",
      "ADDRESS": "Adresse",
      "PHONE": "Tél.",
      "FAX": "Fax",
      "INFO": "Info",
      "TAKE_ME_HERE": "Itinéraire",
      "WORK_TIME": "Temps de travail",
      "HORAIRE": "Calendrier",
      "SERVICES": "Services",
      "OPENING_TIME": "Horaires d'ouverture",
      "WITHDRAWAL": "Limites de retrait",
      "ONLINE_STATUS": "Statut en ligne",
      "AVAILABLE": "Disponible",
      "UNAVAILABLE": "Indisponible",
      "CASH": "Espèces",
      "STATUS": "Statut",
      "FROM": "De",
      "TO": "à"
    },
    "NOT_ALREADY_OUR_CUSTOMER": "Pas déjà notre",
    "CUSTOMER": "Client",
    "FAQS": {
      "FAQS": "FAQ",
      "DESCRIPTION": "Questions fréquemment posées.",
      "QUESTION": "Vous avez une question ?",
      "NO_DATA_FOUND": "Aucune question n'a été posée"
    },
    "SECURITY_MENTION": {
      "SECURITY_MENTION": "Mention de sécurité",
      "QUESTION": "Avez-vous une question ?"
    },
    "CONTACT": {
      "CONTACT": "Contact",
      "PHONE": "Tél.",
      "FAX": "Fax",
      "EMAIL": "E-mail",
      "INVALID_EMAIL": "En mesure de modifier votre votre numéro de téléphone s'il vous plaît vérifier que votre e-mail est valide, sinon contacter votre agence",
      "INVALID_PHONE":"En mesure de modifier votre e-mail s'il vous plaît vérifier que votre numéro de téléphone est valide, sinon contacter votre agence"
    },
    "DOWNLOAD_APP": {
      "DESCRIPTION": "A travers notre application Banecti, votre banque est à portée de main. Vous aurez accès à nos divers services bancaires et pourrez effectuer vos opérations partout et à tout moment de manière sûre et pratique.",
      "DOWNLOAD_MESSAGE": "Cliquer ici pour télécharger.",
      "TITLE": "Téléchargez notre application",
      "TITLE_START": "Téléchargez notre application Banecti",
      "DOWNLOAD": "Télécharger sur",
      "APP_STORE": "App Store",
      "GOOGLE_STORE": "Google Play",
      "HUAWEI": "App Gallery"
    }
  },
  "EXCHANGE": {
    "CURRENCY_CONVERTER": {
      "CURRENCY_CONVERTER": "Convertisseur de devises",
      "FROM_CURRENCY": "De",
      "TO_CURRENCY": "À",
      "AMOUNT": "Montant",
      "CURRENCY": "Devise",
      "TITLE": "Convertisseur",
      "COURS_DEVISE": "Cours de devises"
    },
    "CURRENCY_RATE": {
      "EXCHANGE_RATES": "Taux de change",
      "CURRENCY": "devise",
      "CODE": "Code",
      "UNIT": "Unité",
      "BUY": "Acheter",
      "SELL": "Vendre",
      "SHORT_UNIT": "U",
      "SHORT_BUY": "B",
      "SHORT_SELL": "S",
      "BY_THE_BANK": "(par la banque)",
      "PURCHASE": "Achat",
      "SALE": "Vente"
    }
  },
  "TRANSACTION": {
    "TITLE": "Historique des opérations du compte ",
    "TYPE_CREDIT_DESCRIPTION": "Remboursement des dépenses",
    "TYPE_DEBIT_DESCRIPTION": "Distributeur de retrait",
    "ACCOUNT_DETAIL": "Détail du compte",
    "TRANSACTION_HISTORY": "Historique des transactions",
    "NO_TRANSACTION": "Aucune transaction pour ce compte",
    "NO_ACCOUNT_SELECTED": "Vous devez sélectionner un compte",
    "FILTER": {
      "SEARCH_BUTTON": "Chercher",
      "CLEAR_BUTTON": "Effacer",
      "OPERATION_TYPE": "Type d'opération",
      "OPERATION_TYPE_CREDIT_DEBIT": "Type Débit/Crédit",
      "AMOUNT_FROM": "Montant Min",
      "AMOUNT_TO": "Montant Max",
      "DATE_FROM": "Date de",
      "DATE_TO": "Date à",
      "STATUS": "Statut"
    },
    "STATUS": {
      "STATUS": "Statut",
      "ALL_STATUS": "Tous les statuts",
      "COMPLETED": "Approuvée",
      "TRANSACTION_COMPLETED": "Approuvée",
      "CONFIRMED": "Confirmé",
      "IN_PROGRESS": "En cours",
      "TRANSACTION_IN_PROGRESS": "En cours",
      "IN_HOLD": "En attente",
      "REJECTED": "Refusée",
      "TRANSACTION_REJECTED": "Refusée",
      "PENDING": "En attente",
      "FAILED": "Échouée",
      "BLOCKED": "Bloquée"
    },
    "OPERATION_DATE": "Date d'opération",
    "REFERENCE": "Réf.",
    "CHEQUE": "Chèque. ",
    "DESCRIPTION": "Description",
    "TX_AMOUNT": "Montant de la transaction",
    "AVAILABLE_BALANCE": "Solde disponible",
    "TX_STATUS": "Statut",
    "TOTAL": "Total",
    "DISPLAYED": "Affiché"
  },
  "CHEQUES": {
    "TITLE_CHEQUES": "Mes chèques",
    "TITLE_REQUESTS": "Mes demandes",
    "CLOSE_MODAL": "Fermer",
    "CHEQUES": {
      "ACCOUNT_NUMBER": "Numéro compte",
      "START_DATE": "Date de début",
      "END_DATE": "Date de fin ",
      "DATE": "Date",
      "STATUT": "Statut",
      "NUMBER": "Numéro",
      "AMOUNT": "Montant",
      "SHOW_VISUAL_RECTO": "Recto",
      "SHOW_VISUAL_VERSO": "Verso",
      "NO_CHEQUES": "Aucun chèque pour ce compte",
      "SHOW_LIST": "Afficher"
    },
    "REQUEST": {
      "TITLE": "Demande d'un nouveau chéquier",
      "FIRSTNAME": "Prénom",
      "LASTNAME": "Nom",
      "BRANCH": "Agence",
      "ACCOUNT_NUMBER": "Numéro de compte",
      "CHEQUE_TYPE": "Type de chéquier",
      "TYPE": "Type",
      "REQUEST_TYPE": "Type de demande",
      "CHEQUE_COUNT": "Nombre du chèques",
      "CHECKBOOK_NUMBER": "Nombre du chéquier",
      "CHEQUE_CROSSED": "Barré ou non barré",
      "CROSSED": "Barré",
      "NOT_CROSSED": "Non barré",
      "TITLE_CROSSED": "Barré/Non barré",
      "ANNULER": "Annuler",
      "VALIDER": "Valider",
      "NO_CHEQUE_REQUEST": "Aucune demande trouvée",
      "ADD_REQUEST_SUCCESS": "Votre demande a été ajoutée avec succès",
      "NO_AUTHORIZATTION": "Vous n'êtes pas éligible pour faire une demande de chéquier. Merci de prendre contact directement avec votre agence pour examiner votre demande."
    },
    "REQUEST_LIST": {
      "STATUT": "Statut",
      "ACCOUNT_NUMBER": "Numéro du compte",
      "CHEQUE_COUNT": "Nombre du chèques",
      "REQUEST_DATE": "Date de demande",
      "NO_REQUESTS": "Aucune demande de chéquier",
      "REQUEST_LIST": "Demandes de chéquier"
    }
  },
  "TRADE_EFFECTS": {
    "TITLE": "Effets de commerce",
    "INWARD": {
      "TITLE": "À encaisser",
      "NAME_DRAWN": "Nom du tiré"
    },
    "OUTWARD": {
      "TITLE": "À payer",
      "NAME_DRAWN": "Nom du tireur"
    },
    "COMMON": {
      "DATE": "Date échéance",
      "DATE_FROM": "Date de début",
      "DATE_TO": "Date de fin",
      "ACCOUNT_NUMBER": "Numéro de compte",
      "AMOUNT": "Montant",
      "EFFECT_DEVISE": "Devise de l'effet",
      "STATUS": "Statut",
      "REF": "Référence",
      "NO_DATA": "Aucun effet de commerce pour ce compte",
      "FILTER": "Afficher"
    }
  },
  "ONBOARDING": {
    "DATE_OF_BIRTH": "Date de naissance",
    "SUCCESS_MSG": "Votre demande de onboarding a été envoyée avec succès sous le numéro: ",
    "CONTACT_YOU": "Notre service client vous contactera sous peu. ",
    "TRUST_US": "Nous vous remercions de nous avoir choisi en tant que partenaire",
    "TIME_LINE": {
      "CUSTOMER_ONBOARDING": "Bienvenue chez alBaraka bank",
      "PROVIDE_INFORMATION": "fournir des informations",
      "UPDATE_FORM": "Mettre à jour le formulaire",
      "VIEW_DETAILS": "Afficher les détails",
      "WAIT_MSG": "Veuillez patienter, votre demande est encours de traitement par notre chargé de clientèle",
      "REQUEST_WAITING": "Demande en cours de vérification avec le chargé de clientèle",
      "ACCEPTED_REQUEST": "Demande acceptée",
      "ACTIVATED_ACCOUNT": "Compte activé"
    }
  },
  "TRANSFERS": {
    "NOTIF_TITLE": "Virement",
    "DESCRIPTION": "C'est la description du service de virement",
    "ALL_TYPES": "Tous types",
    "NO_TRANSFER": "Vous n'avez pas encore de virement.",
    "NO_NEW_TRANSFER": "Aucun transfert trouvé en utilisant ces critères.",
    "OWN_ACCOUNT_TRANSFER": "Propre compte",
    "INTERNATIONAL_TRANSFER": "International",
    "WITHIN_BANK_TRANSFER": "Au sein de la banque",
    "PERMANENT_TRANSFER": "Permanent",
    "MULTIPLE_TRANSFER": "Multiple",
    "LOCAL_TRANSFER": "Local",
    "BENEFICIARY_NAME": "Nom du bénéficiaire",
    "TRANSFER_TYPE": "Type de virement",
    "CREDIT_ACCOUNT": "Compte crédité",
    "CREDIT_ACCOUNT_MOB": "Créditeur",
    "DEBIT_ACCOUNT": "Compte débité",
    "DEBIT_ACCOUNT_MOB": "Débiteur",
    "TITLE": "Mes virements",
    "ADD_NEW_TRANSFER": "Nouveau virement",
    "DUPLICATE_TRANSFER": "Dupliquer le virement",
    "CANCEL_TRANSFER": "Annuler le virement",
    "TRANSFER_DETAIL": "Détails de virement",
    "CHOOSE_TYPE_TITLE": "Choisissez votre type de transfert",
    "CHOOSE_TYPE_LABEL": {
      "INTERNATIONAL": "Virement INTERNATIONAL",
      "WITHIN_BANK": "Virement AU SEIN DE LA BANQUE",
      "WITHIN_ACCOUNT": "Virement COMPTE À COMPTE",
      "NATIONAL": "Virement LOCAL",
      "LOCAL": "Virement LOCAL",
      "PERMANENT": "Virement PERMANENT",
      "MULTIPLE": "Virement multiple",
      "CARD": "Recharge de la carte prépayée"
    },
    "FORM": {
      "DEBIT_ACCOUNT": "Compte à débiter",
      "CREDIT_ACCOUNT": "Compte à créditer",
      "BENEF_ACCOUNT": "Rib",
      "TRANSFER_AMOUNT": "Montant de virement",
      "CONVERTED_AMOUNT": "Montant converti",
      "AMOUNT": "Montant",
      "AMOUNT_MIN": "Montant minimum",
      "AMOUNT_MAX": "Montant maximum",
      "CURRENCY": "Devise",
      "TRANSFER_DATE": "Date de virement",
      "REASON": "Motif de virement",
      "MOTIF": "Motif de virement",
      "DESCRIPTION": "Description",
      "FROM_ACCOUNT": "Compte De",
      "TO_ACCOUNT": "Compte à",
      "ACCOUNT": "Compte",
      "CARD": "Carte",
      "FEES_PAYMENT": "Paiement des frais",
      "OTHER_TX": "Autre taux de change",
      "CHOOSE_TYPE": "Veuillez choisir un type de paiement",
      "JUSTIFIED": "Justificatif",
      "TO_CARD": "Vers Carte",
      "TYPE": "Type de virement",
      "DATE_FROM": "Date de",
      "DATE_TO": "Date à"
    },
    "ADD_OWN_ACCOUNT_TRANSFER_SUCCESS": "Votre virement a été effectué avec succès",
    "ADD_TRANSFER_SUCCESS": "Votre virement a été enregistré avec succès",
    "ADD_TRANSFER_WITHIN_SUCCESS": "Votre virement a été enregistré avec succès",
    "ADD_TRANSFER_OWN_SUCCESS": "Votre virement a été enregistré avec succès",
    "ADD_TRANSFER": "Demande virement",
    "ADD_TRANSFER_ERROR": "Votre virement a été réfusé",
    "ADD_TRANSFER_DESCRIPTION": "Voulez-vous vraiment faire un virement vers",
    "PERMANENT_TRANSFER_MODULE": {
      "TITLE": "Virement permanent",
      "HISTORY": "Historique de virement permanent",
      "DETAILS": "Details de virement permanent",
      "PERIODICITY": "Périodicité",
      "ACCOUNT": "Compte",
      "BENEFICIARY": "Bénéficiaire",
      "AMOUNT": "Montant",
      "REASON": "Raison",
      "FIRST_DATE": "Première date de virement",
      "LAST_DATE": "Dernière date de virement",
      "LOCAL_ACCOUNT_ELIGIBLE": "Virement local",
      "WITHIN_ACCOUNT_ELIGIBLE": "Virement au sein de la banque",
      "OWN_ACCOUNT_ELIGIBLE": "Virement compte à compte",
      "LOCAL": "Virement local",
      "WITHINBANK": "Virement au sein de la banque",
      "OWNACCOUNT": "Virement compte à compte"
    },
    "MULTIPLE_TRANSFER_MODULE": {
      "TITLE": "Virement multiple",
      "HISTORY": "Historique de virement multiple",
      "DETAILS": "Détails de virement multiple",
      "ADD_BENEFICIARY": "Ajouter bénéficiaire",
      "GLOBAL_AMOUNT": "Montant global"
    },
    "CARD_TRANSFER_MODULE": {
      "TITLE": "Recharge de la carte prépayée"
    },
    "TRANSFER_DETAILS": {
      "TITLE": "Détails de la transaction",
      "REF": "Référence",
      "AMOUNT": "Montant",
      "CHEQUE_NUM": "Numéro du chèque",
      "CREDITOR_NAME": "Donneur d'ordre",
      "DEBTOR_NAME": "Bénéficiaire",
      "DATE": "Date de transaction",
      "REASON": "Raison",
      "MOTIF": "Motif",
      "SWIFET_MSG": "Message",
      "CREDIT_FILE": "Avis crédit",
      "DEBIT_FILE": "Avis débit",
      "EXPORT_FILE": "Exporter le fichier"
    }
  },
  "PROFILE": {
    "CANCEL": "Annuler",
    "MY_PROFILE": "Mon profil",
    "PROFILE": "Profil",
    "ACTIVE_FIP": "Biometrie",
    "ACTIVE_FACEID": "Biometrie",
    "UPDATE_MAIN_ACCOUNT": "Compte par défaut modifié",
    "REQUEST_ERROR_PHONE_NUMBER": "Votre demande de changement de numéro de téléphone est en cours de traitement par votre agence.",
    "REQUEST_ERROR_EMAIL": "Votre demande de changement d'adresse email est en cours de traitement par votre agence.",
    "FORM": {
      "CHANGE_PHOTO": "Changer la photo",
      "NAME": "Nom",
      "USERNAME": "Utilisateur",
      "CUSTOMER_NAMBER": "Code client",
      "MOBILE_NUMBER": "Numéro de téléphone",
      "EMAIL": "Email",
      "BIRTH_DATE": "Date de naissance",
      "ADDRESS": "Adresse",
      "PASSWORD": "Mot de passe",
      "OLD_PASSWORD": "Ancien mot de passe",
      "NEW_PASSWORD": "Nouveau mot de passe",
      "CONFIRM_PASSWORD": "Confirmez le mot de passe"
    },
    "EDIT_TEXT": "Éditer",
    "SAVE_TEXT": "Sauvegarder",
    "MOBILE": {
      "UPDATE_PHOTO": "Changer la photo",
      "TAKE_PHOTO": "Prendre une photo",
      "SELECT_PHOTO": "Sélectionner à partir de la bibliothèque",
      "CONGRATULATION": "Félicitations !",
      "PROFILE_PHOTO_UPDATED": "Votre profil est à jour",
      "DESCRIPTION": "Vos données privées seront conservées"
    },
    "SUCCESS_UPDATE": "Votre demande de changement est prise en compte et nous vous répondrons dans les meilleurs délais.",
    "FAILED_UPDATE": "Echec de mise à jour profil",
    "SUCCESS_UPDATE_PASSWORD": "Votre mot de passe a été modifié avec succès",
    "PROFILE_IMAGE_MAXSIZE": "La taille de l'image ne doit pas dépasser 2MB"
  },
  "CREDITS": {
    "NOTIF_TITLE": "Financement",
    "DESCRIPTION": "C'est la description du service de financement",
    "NO_CREDITS": "Aucun financement créé",
    "TITLE": " Mes financements",
    "AMOUNT": "Montant de financement",
    "LOAN_TYPE": "Type de financement",
    "ACCOUNT_NUMBER": "Numéro de compte",
    "LOAN_AMOUNT": "Montant",
    "OUTSTANDING_AMOUNT": "Principal non échu",
    "SCHEDULED_PAYMENT": "Paiement planifié",
    "NEW_CREDIT": "Nouveau financement",
    "PAID": "Payé",
    "STATUS": "Statut",
    "START_DATE": "Date début",
    "LAST_PAYMENT_DATE": "Date dernière échéance",
    "NEXT_PAYMENT_DATE": "Prochaine date de paiement",
    "SIMULATOR": {
      "TITLE": "Simulateur",
      "CREDIT": "Sélectionnez le financement"
    },
    "ASSISTANCE_REQUEST": "Demande d'assistance",
    "UNPAID": "Echéance impayée",
    "ANTICIPATION": "Anticipation"
  },
  "SAVINGS": {
    "SIMULATOR": {
      "TITLE": "Simulateur d'épargne",
      "SAVINGS": "Selectionner l'épargne"
    }
  },
  "FUNDING": {
    "SIMULATOR": {
      "TITLE": "Simulateur de financement",
      "NO_FUND": "Aucun financement disponible pour ce type de financement.",
      "SALARY_SESSION_TITLE": "Mensualités pour d'autres financements",
      "DOMICILIATION": "Domiciliation",
      "SALARY_SESSION": "Cession sur salaire",
      "SALARY": "Salaire",
      "CMR_INSUFFICIENT": "CMR Insuffisante",
      "CMR_SUFFICIENT": "CMR Suffisante"
    },
    "REPAYMENTS": {
      "TITLE": "Amortissements"
    }
  },
  "SETTINGS": {
    "TITLE": "Réglages",
    "DASHBOARD_SETTING": "Paramètres tableau de bord",
    "CURRENT_BALANCE": "Solde actuel",
    "MY_ACCOUNTS": "Mes comptes",
    "MY_TRANSFER": "Mes Virements",
    "MY_TRANSACTION": "Mes transactions",
    "MY_CARDS": "Mes cartes",
    "MY_CREDITS": "Mes financements",
    "MY_REQUEST": "Mes demandes",
    "NOTIFICATIONS_SETTINGS": "Paramètres de notifications",
    "TRANSACTIONS": "Transactions",
    "EVENTS": "Événements",
    "DEFAULT_LANGUAGE": "Langue par défaut",
    "CONTACT_SMS": "Me contacter par SMS",
    "CONTACT_MAIL": "Me contacter par Email",
    "PREFERENCES": "Préférences",
    "EDIT": "Éditer",
    "FAVOURIT_ACCOUNT": "Compte par défaut",
    "MIN_AMOUNT": "Montant Min",
    "FAVOURITE": "",
    "MAX_AMOUNT": "Montant Max ",
    "AUTH_SETTINGS": "Paramètres d'authentification",
    "FINGERPRINT": "Empreinte digitale",
    "FRENCH": "Français",
    "ENGLISH": "Anglais",
    "ARABIC": "العربية",
    "NOTIFICATION": "Notification",
    "DARK_MODE": "Mode sombre",
    "PRAYER_NOTIFICATIONS": "Notifications de prières",
    "LANGUAGE": "Langue",
    "LOGOUT": "Déconnexion",
    "LOGOUT_DEMO": "Déconnexion démo"
  },
  "SUBSCRIPTION": {
    "VALIDATE_NUMBER_PHONE_LABEL": "Merci de compléter votre numéro de téléphone",
    "VALIDATE_NUMBER_EMAIL_LABEL": "Merci de compléter votre e-mail",
    "VALIDATE_NUMBER_SHORTTEXT": "Lorem Ipsum is simply dummy text of the printing",
    "VALIDATE_NUMBER_LONGTEXT": "Merci de compléter votre",
    "VALIDATE_NUMBER_LONGTEXT_NUMBER": "numéro de téléphone",
    "VALIDATE_NUMBER_LONGTEXT_AND": "et",
    "VALIDATE_NUMBER_LONGTEXT_EMAIL": "votre e-mail",
    "VALIDATE_NUMBER": "Validation de votre numéro",
    "VALIDATE_COORDINATE": "Validation de vos coordonnées",
    "WELCOME_TO_ALBARAKA": "Merci pour votre inscription .",
    "LOGIN": "S'identifier",
    "SEND_EMAIL_PART1": "Nous venons de vous envoyer un sms avec votre accès",
    "SEND_EMAIL_PART2": "à votre compte alBaraka bank.",
    "COMEBACK_DASHBOARD": "Retour à la page d'accueil"
  },
  "CARD": {
    "REFERENCE_NUMBER": "Réf demande",
    "SUCCESS_MSG": "Votre demande de carte a été envoyée avec succès sous le numéro: ",
    "CONTACT_YOU": "Notre service client vous contactera sous peu. ",
    "NO_TRANSACTION": "Vous n'avez aucune opération pour cette carte.",
    "HISTORY": "Historique",
    "NOTIF_TITLE": "Carte",
    "DESCRIPTION": "c'est la description du service de carte",
    "CARD_NAME": "Nom de la carte",
    "CARD_NUMBER": "Numéro de carte",
    "LINKED_ACCOUNT": "Compte lié",
    "BALANCE": "Solde",
    "EXPIRY_DATE": "Date d'expiration",
    "WITHDRAWAL_LIMIT": "Limite de retrait",
    "PLAFOND": "Plafond",
    "PAYMENT_LIMIT": "Limite de paiement",
    "PERIODICITY": "Périodicité",
    "BLOCK_CARD": "Désactiver",
    "UNBLOCK_CARD": "Activer",
    "REMOVE_CARD": "Retirer Carte",
    "BLOCKED_CARD": "Désactiver Carte",
    "UNBLOCKED_CARD": "Activer Carte",
    "STATUS": "Statut",
    "CARD_BLOCKED_TOASTR": "Carte désactivée",
    "CARD_UNBLOCKED_TOASTR": "Carte activée",
    "MY_CARD": "Mes cartes",
    "MY_REQUESTS": "Mes demandes",
    "ADD_NEW_CARD": "Ajouter une nouvelle carte",
    "REQUEST_CARD": "Demande d'une nouvelle carte",
    "CARD_HISTORIC": "Historique",
    "CARD_HISTORIC_OPERATION_CARTE": "Historique opérations carte ",
    "OPERATION_TYPE": "Type d'operation",
    "REIMBURSEMECT_EXPENSES": "Remboursement des dépenses",
    "DATE": "Date",
    "NO_CARDS": "Vous n'avez aucune carte.",
    "NO_REQUESTS": "Vous n'avez aucune demande de carte.",
    "REQUEST_SUCCESS": "Votre demande a été bien enregistrée.",
    "SELECT_CARD": "Sélectionnez une carte s'il vous plaît",
    "NO_OPERATION": "Vous n'avez encore aucune opération pour cette carte",
    "EDIT_LIMIT": "Modifier la limite",
    "TITLE_EDIT_LIMIT_MODAL": "Modifier la limite de votre carte",
    "ACCOUNT_NUMBER": "Numéro de compte",
    "LIMIT": "Limite",
    "LIMIT_CARD": "Limite de la carte",
    "LIMIT_WITHDRAWAL": "Limite de la carte",
    "REQUEST_DATE": "Date",
    "DELIVERY_AGENCY": "Agence de livraison",
    "DELIVERED": "Livré",
    "IN_PROGRESS": "En attente",
    "TASK": "En attente",
    "REFUSED": "Refusée",
    "REJECT": "Rejetée",
    "TERMINATE": "Acceptée",
    "MONTANT": "Montant",
    "DETAIL": "Détails",
    "NO_OPERATIONS_FOUND": "Aucune opération trouvée",
    "Expires": "Expiré le",
    "REDIRECT_TO_CARD_LIST": "Rediriger vers la liste des demandes",
    "CARD_FIlTER": {
      "DATE_DEBUT": "Date de début",
      "DATE_FIN": "Date de fin"
    },
    "CARD_BUTTON": {
      "VALIDER": "Valider",
      "ANNULER": "Annuler"
    }
  },
  "CREDIT_DETAIL": {
    "AMORTIZATION_SCHEDULE": "Calendrier d'amortissement de financement",
    "NO_AMORTIZATION_SCHEDULE_FOUND": " Aucun calendrier d'amortissement de financement trouvé.",
    "TOTAL_INTEREST": "Profit total",
    "TABLE_HEAD": {
      "NUM": "N°",
      "PAYMENT_DATE": "Date d'échéance",
      "PAYMENT_AMOUNT": "Montant échéance",
      "INTEREST": "Profit",
      "PRINCIPAL": "Principal",
      "BALANCE": "Total non échu"
    }
  },
  "E_REQUEST": {
    "LIST_REQUEST": "Demandes de service",
    "THEME": "Thème",
    "CATEGORY": "Categorie",
    "SERVICE_NAME": "Nom de service",
    "REQUEST_NEW_CARD": "Demander une nouvelle carte",
    "APPLY_FOR_LOAN": "Demander un nouveau financement",
    "SUBSCRIPTION_FOR_EBANKING": "Abonnement pour e-banking",
    "REFERENCE": "Référence",
    "TYPE": "Type",
    "FIRST_DATE": "Date de création",
    "LAST_DATE": "Dernière mise à jour",
    "STATUS": "Statut",
    "NO_EREQUEST": "Vous n'avez pas encore de demande",
    "NEW_SAVING_ACCOUNT": "Nouveau compte d'épargne",
    "ATM_QOS": "Qualité de service DAB",
    "NEW_CARD": "Nouvelle carte",
    "BLOCK_CARD": "Bloquer Carte",
    "NEW_CHECKBOOK": "Nouveau chéquier"
  },
  "NOTIFICATIONS": {
    "TITLE": "Notifications",
    "NOTIFICATION_SUCCESS": "Enregistrer le sujet",
    "NOTIFICATION_THEME": "Sujet de notification",
    "NOTIFICATION_TYPE": "Type de notification",
    "BANK_SERVICE": "Services bancaires",
    "SEGMENT_SERVICE": "Services de segment",
    "NO_DATA": "Aucune notification trouvée"
  },
  "MODAL_CONFIRM": {
    "REDIRECT_TO_LOGIN": "Vous êtes déjà inscrit, vous souhaitez vous connecter à Banneti",
    "YOU_ALREADY_HAVE_ACCOUNT": "Vous avez déjà un compte sur lequel vous pouvez vous inscrire",
    "YOU_ALREADY_HAVE_DIGITAL_ACCOUNT": "Vous avez déjà un compte numérique auquel vous pouvez vous connecter",
    "RESET_FORM_CONFIRMATION_MSG": "Voulez-vous vraiment réinitialiser le formulaire ?",
    "CONTACT_OUR_AGENCY": "Vos données ne sont pas valides, vous ne pouvez pas continuer. Voulez-vous nous contacter?",
    "USER_ALREADY_EXIST": "L'utilisateur existe déjà, merci de contacter notre agence",
    "USER_NAME_ALREADY_EXIST": "Le nom d'utilisateur existe déjà, veuillez en essayer un autre",
    "LOGOUT_TITLE": "Se déconnecter",
    "LOGOUT_DESCRIPTION": "Voulez-vous vraiment vous déconnecter?",
    "DELETE_TITLE": "SUPPRIMER",
    "CHANGE_LANGUE": "Changer la language",
    "CHANGE_LANGUE_DESCRIPTION": "Êtes-vous sûr de vouloir changer la langue ? ",
    "DELETE_BENEF_DESCRIPTION": "Voulez-vous vraiment supprimer ce bénéficiaire ? ",
    "DELETE_DEVICE_DESCRIPTION": "Voulez-vous vraiment supprimer cet appareil ?",
    "TITLE_BLOCK_CARD": "Bloquer la carte",
    "TITLE_UNBLOCK_CARD": "Débloquer la carte",
    "DESCRIPTION_BLOCK_CARD": "Voulez-vous vraiment bloquer cette carte ? ",
    "DESCRIPTION_UNBLOCK_CARD": "Voulez-vous vraiment débloquer cette carte ? ",
    "DESCRIPTION_ATM_BRANCH_AUTHORIZATION": "Ce service n'est pas accessible en mode démo. Souhaitez-vous déconnecter pour y accéder ?",
    "PROFILE_UPDATE_PASSWORD": "Voulez-vous vraiment changer votre mot de passe ?"
  },
  "TOOLTIP": {
    "APP": "Retour à l'application",
    "ADD_TRANSFER": "Ajouter un nouveau virement",
    "EDIT_BENEF": "Modifier le bénéficiaire",
    "DELETE_BENEF": "Supprimer le bénéficiaire",
    "ADD_BENEF": "Ajouter un bénéficiaire",
    "DASHBOARD": {
      "NEWS_DETAIL": "Voir le détail",
      "produitList": "Liste des produits",
      "newsList": "Liste des actualités",
      "produitDetail": "Voir détail",
      "atmredirection": "Agences et DAB"
    },
    "ACCOUNT": {
      "EXPORT_RIB": "Export RIB",
      "EXPORT_STATMENT": "Export relevé",
      "TX_EXPORT_STATMENT": "Export extrait",
      "EXPORT_STATEMENT_ABF": "Exporter le fichier AFB",
      "EXPORT_STATEMENT_EXCEL": "Exporter le fichier Excel",
      "SHOW_TX_HISTORY": "Voir l'historique des transactions",
      "FILTER": "Filtre",
      "EXTRACT": "Extrait de compte détaillé"
    },
    "CHECKS": {
      "ADD": "Ajouter une demande",
      "SHOW_VISUAL": "Voir image"
    },
    "PRIVATE_DASHBOARD": {
      "ACCOUNT_LIST": "Liste des comptes",
      "CARD_LIST": "Liste des cartes"
    },
    "HEADER": {
      "VIEW_PROFILE": "Voir le profil",
      "MOBILE_APP": "Installer Banecti App",
      "CHANGE_LANG": "Changer la langue",
      "notification": "Notification",
      "logout": "Déconnexion"
    },
    "SIMULATOR": {
      "CONTACT": "Contacter-nous à propos de cette simulation",
      "CATEGORIES": "Choisir d'autres types de financement",
      "HIDE_FILTER": "Masquer les types de financement"
    },
    "TRANSFER": {
      "FILTER": "Filtrer la liste",
      "ADD": "Ajouter un nouveau virement",
      "SHOW_DETAILS": "Voir détails"
    },
    "BENEFICIARY": {
      "FILTER": "Filtrer la liste",
      "ADD": "Ajouter un bénéficiaire"
    },
    "NEWS": {
      "SHOW_DETAILS": "Voir détails"
    },
    "PROFILE": {
      "change_photo": "Changer la photo de profil",
      "switch_en": "Langue anglaise",
      "switch_fr": "Langue française",
      "switch_ar": "Langue arabe",
      "EDIT": "Modifier",
      "INFO": "Afficher information"
    },
    "CARD": {
      "cardDetailList": "Voir plus de détails",
      "requestNewCard": "Demande d'une nouvelle carte bancaire"
    },
    "FUNDING": {
      "REPAYMENTS": "Voir le tableau d'amortissement"
    },
    "DEVICES": {
      "DELETE_DEVICE": "Supprimer l'appareil",
      "DEVICE_STATUS": "Activer/Désactiver l'appareil"
    },
    "ATM_BRANCH": {
      "FILTER": "Filtre",
      "ITINERARY": "Voir l'itinéraire"
    }
  },
  "PRODUCT_OFFERS": {
    "CATEGORY": "Catégorie",
    "SUB_CATEGORY": "Sous-catégorie",
    "NO_OFFER": "Aucune offre trouvée."
  },
  "PRODUCTS": {
    "TITLE": "Produits",
    "CATEGORY": "Catégorie",
    "SUB_CATEGORY": "Sous-catégorie",
    "NO_PRODUCTS": "Aucun produit trouvé"
  },
  "NEWS": {
    "PAGE_TITLE": "Actualités",
    "PLACE": "Endroit",
    "TITLE": "Titre",
    "DATE_FROM": "Date debut",
    "DATE_TO": "Date fin",
    "CATEGORY": "Catégorie",
    "SUB_CATEGORY": "Sous-catégorie",
    "NO_NEWS": "Aucune actualité trouvée",
    "TYPE": {
      "NEWS": "Actualités",
      "ANNOUNCEMENT": "Annonce"
    }
  },
  "CONTACT_US": {
    "REFRESH_CONTACT_MODAL": "Créer une nouvelle demande",
    "GO_TO_DASHBOARD": "Accéder au tableau de bord",
    "GO_TO_HOME_PAGE": "Accéder au page d'accueil",
    "SUCCESS": "Nous vous remercions pour votre message et votre intérêt pour notre banque , votre demande a été envoyée avec succès sous le numéro: ",
    "CONTACT_YOU": "Notre service client vous contactera sous peu. ",
    "TITLE": "Contactez-nous",
    "FOLLOW": "Pour plus de moyens de nous contacter, suivez les liens ci-dessous",
    "DESCRIPTION": "Nous sommes là pour répondre aux questions que vous pourriez avoir sur nos services. Contactez-nous et nous vous répondrons dès que possible. Même s'il y a quelque chose que vous avez toujours voulu vivre et que vous ne pouvez pas trouver sur bankerise bank. Faites-le nous savoir et nous promettons que nous ferons de notre mieux pour le trouver pour vous et vous envoyer",
    "CIVIL": {
      "TITLE": "Civilité",
      "MR": "Mr",
      "MLLE": "Mlle",
      "MME": "Mme"
    },
    "NEED_HELP": "Besoin d’aide ?",
    "NEED_HELP_MSG": "Besoin d’aide sur un service, un produit ou une offre Albaraka ?",
    "NEED_HELP_SUBMSG": "Nos conseillers sont à votre disposition pour vous orienter et répondre à toutes vos questions.",
    "COMMERCIAL": "Commercial",
    "BANK_AGENT": "Agent bancaire",
    "CITY": {
      "TITLE": "Cité",
      "ARIANA": "Ariana",
      "BEJA": "Beja",
      "BEN_AROUS": "Ben Arous",
      "BIZERT": "Bizerte",
      "GABES": "Gabes",
      "GAFSA": "Gafsa",
      "JENDOUBA": "Jendouba",
      "KAIROUANE": "Kairouan",
      "KASERINE": "Kasserine",
      "KEBILI": "Kebili",
      "KEF": "Kef",
      "MAHDIA": "Mahdia",
      "MANOUBA": "Manouba",
      "MEDENINE": "Medenine",
      "MONASTIR": "Monastir",
      "NABEUL": "Nabeul",
      "SFAX": "Sfax",
      "SIDI_BOUZID": "Sidi Bouzid",
      "SILIANA": "Siliana",
      "SOUSSE": "Sousse",
      "TATAOUINE": "Tataouine",
      "TOZEUR": "Tozeur",
      "TUNIS": "Tunis",
      "ZAGHOUAN": "Zaghouan"
    },
    "COUNTRY": {
      "TUNISIA": "Tunisie",
      "FRANCE": "France"
    },
    "TOPIC": {
      "TITLE": "Votre demande ",
      "TOPIC1": "Vous souhaitez des informations sur la banque",
      "TOPIC2": "Vous souhaitez avoir des informations commerciales sur notre offre",
      "TOPIC3": "Vous voulez exprimer une difficulté, une insatisfaction, un désaccord",
      "TOPIC4": "Votre message concerne un autre motif"
    },
    "FORM": {
      "NAME": "Nom*",
      "COUNTRY": "Pays*",
      "FIRST_NAME": "Prénom*",
      "ADDRESS": "Adresse*",
      "PHONE": "Téléphone*",
      "EMAIL": "E-mail*",
      "MESSAGE": "Message"
    },
    "BRANCH_DETAILS": {
      "ADDRESS": "Adresse",
      "EMAIL": "Email",
      "PHONE": "Téléphone",
      "WEB_SITE": "Site web"
    }
  },
  "LEGAL_NOTICE": {
    "TITLE": "Conditions générales d'utilisation",
    "GENERAL_DATA_PROTECTION": "Règlement général sur la protection des données",
    "GENERAL_DATA_PROTECTION_MOB": "RGPD"
  },
  "SUGGESTION_RECLAMATION": {
    "HISTORIC": "Historique de suggestion ",
    "SUGGESTION_FORM": "Suggestion",
    "RECLAMATION_FORM": "Réclamation",
    "RECLAMATION": "Réclamation",
    "SUGGESTION": "Suggestion",
    "CATEGORY": "Catégorie",
    "SUB_CATEGORY": "Sous-catégorie",
    "SUBJECT": "Sujet",
    "OPEN_DATE": "Date d'ouverture",
    "STATUS": "Statut"
  },
  "DEVICE": {
    "DEVICE_ID": "Référence de l'appareil",
    "DEVICE_TYPE": "Type d'appareil",
    "DEVICE_TITLE": "Appareil:",
    "PLATFORM": "Plate-forme",
    "STATUS": "Statut",
    "CREATION_DATE": "Date de création",
    "LAST_CONNECTION": "Dernière connexion: ",
    "DELETE_DEVICE": "Supprimer",
    "ACTIVE_DEVICE": "Actif(s)",
    "INACTIVE_DEVICE": "Inactif(s)",
    "TRANSACTIONAL_DEVICE": "Transactionnel ",
    "ALL_DEVICES": "Liste des appareils",
    "NO_DEVICES": "Aucun appareil trouvé.",
    "CONFIRM": {
      "TITLE": "Confirmer",
      "DELETED": "Voulez-vous vraiment supprimer définitivement cet appareil ? ",
      "ACTIVE": "Voulez-vous vraiment activer temporairement cet appareil ? ",
      "INACTIVE": "Voulez-vous vraiment désactiver temporairement cet appareil ? ",
      "TRANSACTIONAL": "Voulez-vous vraiment utiliser cet appareil pour faire des transactions ?"
    },
    "SUCCESS": {
      "DEVICE_SUCCESS": "Opération est effectuée avec succès",
      "TITLE": "Succès",
      "DELETED": "Effacé ",
      "ACTIVE": "Active",
      "INACTIVE": "Inactif",
      "TRANSACTIONAL": "Transactionnel"
    }
  },
  "FAST_ONBOARDING": {
    "SUCCESS": "Succès",
    "ERROR": "Erreur"
  },
  "FORM_IO": {
    "required": "{{field}}  est obligatoire",
    "Activity_Details": "Détails de l'activité",
    "Birth_Date": "Date de naissance",
    "Client_Details": "Détails du client",
    "CNSS-CNRPS credits": "CNSS-CNRPS credits",
    "Employer_credits": "Crédits employeur",
    "First_Name": "Prénom",
    "Gross annual income": "Revenu annuel brut",
    "Last_Name": "Name",
    "Last_pay": "Dernier salaire",
    "Last_pay_slip": "Dernier salaire",
    "Loan_Details": "Détails financiers",
    "Marital_status": "État civil",
    "My_credit_data": "Mes données financières",
    "Net monthly income": "Revenu mensuel net",
    "NumeroTelephone": "numéro de téléphone",
    "Phone_Number": "numéro de téléphone",
    "Professional status": "Statut professionnel",
    "Salary_certificate": "Attestation de salaire",
    "Select_contract": "Select contract",
    "Select_loan": "Sélectionnez un contrat",
    "Select_profession": "Sélectionnez le métier",
    "Select_status": "Sélectionnez le statut",
    "The charges": "Les frais",
    "Type_of_Contract": "Type de contrat",
    "cancel": "Annuler",
    "previous": "Précédent",
    "next": "Suivant",
    "submit": "Valider",
    "First Name": "Prénom",
    "Last Name": "Nom",
    "Birth Date": "Date de naissance",
    "Phone Number": "Numéro de téléphone",
    "Email": "Email",
    "Marital status": "État civil",
    "Loan": "Financement",
    "Amount": "Montant",
    "Period(Month)": "Période (mois)",
    "Profession": "Profession",
    "Employer": "Employeur",
    "Simulation": "Simulation",
    "Submission": "Soumission",
    "Income": "Le revenu",
    "CNSS-CNRPS_credits": "Crédits CNSS-CNRPS",
    "Employer_redits": "Crédits employeur",
    "Supplier_credits": "Crédits fournisseurs",
    "REQUIRED_FIELD": "Champ obligatoire",
    "SUBJECT": "Sujet"
  },
  "AMOUNT": "Montant",
  "WEEKLY": "Hebdomadaire",
  "YEARLY": "Annuel",
  "PAID": "Payé",
  "REQUEST_RECEIVED": "Demande reçue",
  "RECEIVED": "Reçu",
  "EMITTED": "Émis",
  "REJECTED": "Rejeté",
  "CLEARING": "Effacé",
  "DELIVERED": "Reçu par le client",
  "REQUESTED": "Demande en traitement",
  "PRINTED": "Disponible à l'agence",
  "CHEQUE": "Chèque",
  "LCHEQUE": "L chèque",
  "CHEQUE.VIP": "Chèque VIP",
  "CHEQUE.PLATINUM": "Chèque platinum",
  "VIREMENT": "VIREMENT",
  "ACHAT DU": "ACHAT DU ",
  "RET DAB DU": "RETRAIT DU ",
  "CHEQUE.PLATINUM.PLUS": "Chèque platinum plus",
  "NumeroTelephone": "Numéro de téléphone",
  "Nom": "Nom",
  "Prénom": "Prénom",
  "Adresse": "Adresse",
  "Ville": "Ville",
  "Agence": "Agence",
  "Email": "Email",
  "Sujet": "Sujet"
}
